{
  "type": "service_account",
  "project_id": "<project id>",
  "private_key_id": "<private key id>",
  "private_key": "<private key>",
  "client_email": "<client email>",
  "client_id": "<client id>",
  "auth_uri": "https://accounts.google.com/o/oauth2/auth",
  "token_uri": "https://oauth2.googleapis.com/token",
  "auth_provider_x509_cert_url": "https://www.googleapis.com/oauth2/v1/certs",
  "client_x509_cert_url": "https://www.googleapis.com/robot/v1/metadata/x509/<example account>",
  "universe_domain": "googleapis.com"
}
